,TempMax_Deg,TempMin_Deg,Wind_kmh,Wet_percent,Visibility_km,CloudCoverage_percent,Dayduration_hour,region,day
alsace_2021/01/01,4,2,4,89,8.625,54,8:23:0,Grand Est,2021/01/01
aquitaine_2021/01/01,7,4,8,87,10,27,8:52:0,Nouvelle-Aquitaine,2021/01/01
ardeche_2021/01/01,4,2,13,98,4.75,98,8:53:0,,2021/01/01
auvergne_2021/01/01,1,-2,8,97,7.625,94,8:45:0,,2021/01/01
bourgogne_2021/01/01,2,-1,12,91,10,65,8:33:0,Bourgogne-Franche-Comté,2021/01/01
bretagne_2021/01/01,5,0,8,90,10,18,8:27:0,Bretagne,2021/01/01
centre_2021/01/01,4,0,7,86,10,43,8:29:0,Centre-Val de Loire,2021/01/01
champagne-ardenne_2021/01/01,3,1,8,97,3.125,97,8:17:0,,2021/01/01
corse_2021/01/01,8,6,14,93,7.125,96,9:12:0,Corse,2021/01/01
franche-comte_2021/01/01,2,0,9,94,8.625,82,8:35:0,Bourgogne-Franche-Comté,2021/01/01
ile-de-re_2021/01/01,6,3,17,85,10,26,8:43:0,,2021/01/01
ile-de-france_2021/01/01,3,2,7,86,7.75,83,8:21:0,Île-de-France,2021/01/01
languedoc-roussillon_2021/01/01,8,5,25,85,9.75,91,9:1:0,Occitanie,2021/01/01
limousin_2021/01/01,3,-1,8,95,6.625,40,8:45:0,Nouvelle-Aquitaine,2021/01/01
lorraine_2021/01/01,2,1,10,94,8.125,83,8:18:0,Grand Est,2021/01/01
midi-pyrenees_2021/01/01,6,3,12,94,8,67,9:2:0,Occitanie,2021/01/01
nord-pas-de-calais_2021/01/01,3,2,10,97,4.625,87,8:8:0,Hauts-de-France,2021/01/01
normandie_2021/01/01,4,1,8,85,8.375,74,8:18:0,Normandie,2021/01/01
pays-de-la-loire_2021/01/01,5,0,13,91,10,26,8:34:0,Pays de la Loire,2021/01/01
picardie_2021/01/01,3,0,9,97,6.25,87,8:11:0,Hauts-de-France,2021/01/01
poitou-charentes_2021/01/01,6,3,17,85,10,26,8:43:0,Nouvelle-Aquitaine,2021/01/01
rh-ne-alpes_2021/01/01,3,2,14,95,4.875,97,8:45:0,,2021/01/01
provence-alpes-c-te-d-azur_2021/01/01,11,10,8,79,8.875,95,9:3:0,Provence-Alpes-Côte d'Azur,2021/01/01
alsace_2021/01/02,2,-1,13,91,10,75,8:24:0,Grand Est,2021/01/02
aquitaine_2021/01/02,4,0,14,86,10,25,8:53:0,Nouvelle-Aquitaine,2021/01/02
ardeche_2021/01/02,2,-1,21,89,6.375,79,8:54:0,,2021/01/02
auvergne_2021/01/02,-1,-3,15,94,5.625,99,8:46:0,,2021/01/02
bourgogne_2021/01/02,2,-1,19,89,10,82,8:34:0,Bourgogne-Franche-Comté,2021/01/02
bretagne_2021/01/02,5,,9,91,8.375,53,8:28:0,Bretagne,2021/01/02
centre_2021/01/02,3,0,11,81,10,33,8:30:0,Centre-Val de Loire,2021/01/02
champagne-ardenne_2021/01/02,3,-1,8,93,10,33,8:18:0,,2021/01/02
corse_2021/01/02,10,4,19,83,7.875,79,9:13:0,Corse,2021/01/02
franche-comte_2021/01/02,2,-1,13,93,7,92,8:36:0,Bourgogne-Franche-Comté,2021/01/02
ile-de-re_2021/01/02,5,1,18,85,10,9,8:43:0,,2021/01/02
ile-de-france_2021/01/02,5,2,7,76,10,55,8:22:0,Île-de-France,2021/01/02
languedoc-roussillon_2021/01/02,5,3,21,95,7.5,98,9:2:0,Occitanie,2021/01/02
limousin_2021/01/02,1,-1,14,82,8,75,8:46:0,Nouvelle-Aquitaine,2021/01/02
lorraine_2021/01/02,2,-2,14,92,10,37,8:19:0,Grand Est,2021/01/02
midi-pyrenees_2021/01/02,3,0,26,86,8.375,95,9:3:0,Occitanie,2021/01/02
nord-pas-de-calais_2021/01/02,5,0,9,89,10,34,8:9:0,Hauts-de-France,2021/01/02
normandie_2021/01/02,5,0,10,91,9.5,79,8:19:0,Normandie,2021/01/02
pays-de-la-loire_2021/01/02,5,,9,92,10,24,8:35:0,Pays de la Loire,2021/01/02
picardie_2021/01/02,5,0,8,89,9.375,40,8:12:0,Hauts-de-France,2021/01/02
poitou-charentes_2021/01/02,5,1,18,85,10,9,8:44:0,Nouvelle-Aquitaine,2021/01/02
rh-ne-alpes_2021/01/02,1,0,16,90,2.75,100,8:46:0,,2021/01/02
provence-alpes-c-te-d-azur_2021/01/02,8,6,23,83,6.875,95,9:4:0,Provence-Alpes-Côte d'Azur,2021/01/02
alsace_2021/01/03,1,-1,9,91,7.75,96,8:25:0,Grand Est,2021/01/03
aquitaine_2021/01/03,5,2,6,84,9.875,68,8:54:0,Nouvelle-Aquitaine,2021/01/03
ardeche_2021/01/03,2,0,14,75,10,62,8:55:0,,2021/01/03
auvergne_2021/01/03,1,-1,8,89,6.125,100,8:47:0,,2021/01/03
bourgogne_2021/01/03,1,-1,10,93,7,95,8:35:0,Bourgogne-Franche-Comté,2021/01/03
bretagne_2021/01/03,2,,10,97,6.25,94,8:29:0,Bretagne,2021/01/03
centre_2021/01/03,3,1,9,96,6.25,89,8:31:0,Centre-Val de Loire,2021/01/03
champagne-ardenne_2021/01/03,3,-1,11,92,10,56,8:19:0,,2021/01/03
corse_2021/01/03,9,4,8,84,9.875,73,9:14:0,Corse,2021/01/03
franche-comte_2021/01/03,1,-2,5,97,4.375,96,8:37:0,Bourgogne-Franche-Comté,2021/01/03
ile-de-re_2021/01/03,4,3,12,90,9.625,74,8:44:0,,2021/01/03
ile-de-france_2021/01/03,4,2,10,92,10,72,8:23:0,Île-de-France,2021/01/03
languedoc-roussillon_2021/01/03,7,4,24,62,10,65,9:3:0,Occitanie,2021/01/03
limousin_2021/01/03,2,1,5,97,5.75,89,8:47:0,Nouvelle-Aquitaine,2021/01/03
lorraine_2021/01/03,1,-2,11,93,9.625,73,8:21:0,Grand Est,2021/01/03
midi-pyrenees_2021/01/03,5,0,13,85,8.625,62,9:3:0,Occitanie,2021/01/03
nord-pas-de-calais_2021/01/03,3,0,14,97,5.375,91,8:11:0,Hauts-de-France,2021/01/03
normandie_2021/01/03,4,2,8,97,7.625,97,8:20:0,Normandie,2021/01/03
pays-de-la-loire_2021/01/03,3,,11,95,7.625,83,8:36:0,Pays de la Loire,2021/01/03
picardie_2021/01/03,3,1,13,96,5.625,88,8:14:0,Hauts-de-France,2021/01/03
poitou-charentes_2021/01/03,4,3,12,90,9.625,74,8:45:0,Nouvelle-Aquitaine,2021/01/03
rh-ne-alpes_2021/01/03,2,-1,11,91,5.5,91,8:47:0,,2021/01/03
provence-alpes-c-te-d-azur_2021/01/03,9,5,31,76,9,68,9:5:0,Provence-Alpes-Côte d'Azur,2021/01/03
alsace_2021/01/04,2,1,7,98,6,93,8:26:0,Grand Est,2021/01/04
aquitaine_2021/01/04,4,2,13,91,10,70,8:55:0,Nouvelle-Aquitaine,2021/01/04
ardeche_2021/01/04,2,-1,12,82,10,68,8:56:0,,2021/01/04
auvergne_2021/01/04,0,-3,4,95,7.125,88,8:49:0,,2021/01/04
bourgogne_2021/01/04,1,-1,5,93,9.75,100,8:37:0,Bourgogne-Franche-Comté,2021/01/04
bretagne_2021/01/04,3,,16,95,7.75,96,8:30:0,Bretagne,2021/01/04
centre_2021/01/04,1,-7,11,97,2.5,100,8:33:0,Centre-Val de Loire,2021/01/04
champagne-ardenne_2021/01/04,3,1,15,97,7.75,100,8:20:0,,2021/01/04
corse_2021/01/04,9,8,18,86,7.75,89,9:15:0,Corse,2021/01/04
franche-comte_2021/01/04,2,-1,5,95,6.625,98,8:38:0,Bourgogne-Franche-Comté,2021/01/04
ile-de-re_2021/01/04,3,1,19,91,8.375,76,8:45:0,,2021/01/04
ile-de-france_2021/01/04,3,2,13,95,6.875,100,8:24:0,Île-de-France,2021/01/04
languedoc-roussillon_2021/01/04,4,3,15,79,9.875,62,9:4:0,Occitanie,2021/01/04
limousin_2021/01/04,1,-3,8,96,6.625,49,8:48:0,Nouvelle-Aquitaine,2021/01/04
lorraine_2021/01/04,1,-1,8,98,5.75,100,8:22:0,Grand Est,2021/01/04
midi-pyrenees_2021/01/04,5,2,8,93,9,90,9:4:0,Occitanie,2021/01/04
nord-pas-de-calais_2021/01/04,2,2,23,96,5.625,100,8:12:0,Hauts-de-France,2021/01/04
normandie_2021/01/04,4,2,22,89,8.375,99,8:22:0,Normandie,2021/01/04
pays-de-la-loire_2021/01/04,2,0,15,97,4.75,91,8:37:0,Pays de la Loire,2021/01/04
picardie_2021/01/04,2,1,22,96,8.375,100,8:16:0,Hauts-de-France,2021/01/04
poitou-charentes_2021/01/04,3,1,19,91,8.375,76,8:46:0,Nouvelle-Aquitaine,2021/01/04
rh-ne-alpes_2021/01/04,1,0,8,86,10,99,8:49:0,,2021/01/04
provence-alpes-c-te-d-azur_2021/01/04,7,5,13,81,6,89,9:6:0,Provence-Alpes-Côte d'Azur,2021/01/04
alsace_2021/01/05,3,0,11,94,8.375,88,8:27:0,Grand Est,2021/01/05
aquitaine_2021/01/05,3,0,8,85,10,79,8:56:0,Nouvelle-Aquitaine,2021/01/05
ardeche_2021/01/05,2,-2,10,94,8,68,8:57:0,,2021/01/05
auvergne_2021/01/05,,-2,8,96,5.125,98,8:50:0,,2021/01/05
bourgogne_2021/01/05,2,-1,11,93,7.375,87,8:38:0,Bourgogne-Franche-Comté,2021/01/05
bretagne_2021/01/05,3,0,13,96,8.375,86,8:31:0,Bretagne,2021/01/05
centre_2021/01/05,2,1,12,96,6.25,98,8:34:0,Centre-Val de Loire,2021/01/05
champagne-ardenne_2021/01/05,3,1,16,97,9.25,99,8:23:0,,2021/01/05
corse_2021/01/05,8,7,9,85,8.375,86,9:15:0,Corse,2021/01/05
franche-comte_2021/01/05,2,-1,9,86,8.375,66,8:39:0,Bourgogne-Franche-Comté,2021/01/05
ile-de-re_2021/01/05,4,1,17,85,9.625,80,8:47:0,,2021/01/05
ile-de-france_2021/01/05,3,2,14,94,7.75,99,8:26:0,Île-de-France,2021/01/05
languedoc-roussillon_2021/01/05,6,3,12,90,8,75,9:5:0,Occitanie,2021/01/05
limousin_2021/01/05,0,-3,8,96,6,85,8:49:0,Nouvelle-Aquitaine,2021/01/05
lorraine_2021/01/05,2,0,15,94,8,91,8:23:0,Grand Est,2021/01/05
midi-pyrenees_2021/01/05,2,0,17,91,5.75,95,9:5:0,Occitanie,2021/01/05
nord-pas-de-calais_2021/01/05,2,1,21,96,9,100,8:13:0,Hauts-de-France,2021/01/05
normandie_2021/01/05,4,2,15,90,9.5,94,8:23:0,Normandie,2021/01/05
pays-de-la-loire_2021/01/05,3,1,13,98,5.875,97,8:39:0,Pays de la Loire,2021/01/05
picardie_2021/01/05,2,-3,20,97,8.75,100,8:17:0,Hauts-de-France,2021/01/05
poitou-charentes_2021/01/05,4,1,17,85,9.625,80,8:47:0,Nouvelle-Aquitaine,2021/01/05
rh-ne-alpes_2021/01/05,2,0,7,91,5.375,98,8:50:0,,2021/01/05
provence-alpes-c-te-d-azur_2021/01/05,7,4,15,87,10,44,9:7:0,Provence-Alpes-Côte d'Azur,2021/01/05
alsace_2021/01/06,2,1,8,97,2.5,100,8:30:0,Grand Est,2021/01/06
aquitaine_2021/01/06,5,2,6,76,10,41,8:57:0,Nouvelle-Aquitaine,2021/01/06
ardeche_2021/01/06,1,-4,11,88,10,16,8:59:0,,2021/01/06
auvergne_2021/01/06,,-5,3,95,4.125,96,8:51:0,,2021/01/06
bourgogne_2021/01/06,2,-2,4,94,7,87,8:40:0,Bourgogne-Franche-Comté,2021/01/06
bretagne_2021/01/06,3,-1,8,91,10,67,8:34:0,Bretagne,2021/01/06
centre_2021/01/06,2,0,10,96,6.25,96,8:35:0,Centre-Val de Loire,2021/01/06
champagne-ardenne_2021/01/06,2,0,11,95,5.25,96,8:24:0,,2021/01/06
corse_2021/01/06,7,4,13,85,8.75,81,9:16:0,Corse,2021/01/06
franche-comte_2021/01/06,1,-2,7,92,7.25,86,8:40:0,Bourgogne-Franche-Comté,2021/01/06
ile-de-re_2021/01/06,3,1,13,90,10,80,8:48:0,,2021/01/06
ile-de-france_2021/01/06,3,1,11,95,9.375,97,8:27:0,Île-de-France,2021/01/06
languedoc-roussillon_2021/01/06,8,2,10,68,10,6,9:6:0,Occitanie,2021/01/06
limousin_2021/01/06,1,-2,4,89,8,88,8:50:0,Nouvelle-Aquitaine,2021/01/06
lorraine_2021/01/06,1,0,10,97,4.75,100,8:25:0,Grand Est,2021/01/06
midi-pyrenees_2021/01/06,3,2,9,82,9.625,88,9:6:0,Occitanie,2021/01/06
nord-pas-de-calais_2021/01/06,2,1,12,95,7.375,99,8:14:0,Hauts-de-France,2021/01/06
normandie_2021/01/06,4,0,4,92,10,73,8:25:0,Normandie,2021/01/06
pays-de-la-loire_2021/01/06,3,-2,7,96,7,77,8:41:0,Pays de la Loire,2021/01/06
picardie_2021/01/06,2,0,13,95,8,91,8:18:0,Hauts-de-France,2021/01/06
poitou-charentes_2021/01/06,3,1,13,90,10,80,8:48:0,Nouvelle-Aquitaine,2021/01/06
rh-ne-alpes_2021/01/06,1,-1,7,88,8.125,88,8:51:0,,2021/01/06
provence-alpes-c-te-d-azur_2021/01/06,6,3,25,75,10,20,9:8:0,Provence-Alpes-Côte d'Azur,2021/01/06
alsace_2021/01/07,2,-1,6,93,6.125,88,8:31:0,Grand Est,2021/01/07
aquitaine_2021/01/07,4,0,9,78,10,23,8:59:0,Nouvelle-Aquitaine,2021/01/07
ardeche_2021/01/07,1,-4,13,90,10,23,9:0:0,,2021/01/07
auvergne_2021/01/07,,-3,5,98,5.5,93,8:52:0,,2021/01/07
bourgogne_2021/01/07,2,-1,7,96,9,89,8:41:0,Bourgogne-Franche-Comté,2021/01/07
bretagne_2021/01/07,4,-1,6,90,9.375,56,8:35:0,Bretagne,2021/01/07
centre_2021/01/07,3,0,8,95,7.625,82,8:36:0,Centre-Val de Loire,2021/01/07
champagne-ardenne_2021/01/07,2,0,10,96,4.5,99,8:25:0,,2021/01/07
corse_2021/01/07,8,4,10,75,10,55,9:17:0,Corse,2021/01/07
franche-comte_2021/01/07,1,-2,4,93,8.75,97,8:41:0,Bourgogne-Franche-Comté,2021/01/07
ile-de-re_2021/01/07,4,1,15,87,9.625,64,8:50:0,,2021/01/07
ile-de-france_2021/01/07,3,1,7,92,6.75,85,8:28:0,Île-de-France,2021/01/07
languedoc-roussillon_2021/01/07,5,2,15,62,10,53,9:8:0,Occitanie,2021/01/07
limousin_2021/01/07,1,-3,10,96,8.75,66,8:53:0,Nouvelle-Aquitaine,2021/01/07
lorraine_2021/01/07,0,-2,14,97,6.125,95,8:27:0,Grand Est,2021/01/07
midi-pyrenees_2021/01/07,3,0,8,84,10,52,9:7:0,Occitanie,2021/01/07
nord-pas-de-calais_2021/01/07,3,2,15,95,5.625,93,8:17:0,Hauts-de-France,2021/01/07
normandie_2021/01/07,4,2,10,93,7.5,96,8:26:0,Normandie,2021/01/07
pays-de-la-loire_2021/01/07,4,-1,7,95,8,44,8:42:0,Pays de la Loire,2021/01/07
picardie_2021/01/07,3,1,15,98,9,79,8:20:0,Hauts-de-France,2021/01/07
poitou-charentes_2021/01/07,4,1,15,87,9.625,64,8:50:0,Nouvelle-Aquitaine,2021/01/07
rh-ne-alpes_2021/01/07,2,0,10,91,8.75,81,8:52:0,,2021/01/07
provence-alpes-c-te-d-azur_2021/01/07,7,2,13,72,10,73,9:10:0,Provence-Alpes-Côte d'Azur,2021/01/07
alsace_2021/01/08,2,-2,9,88,8,91,8:32:0,Grand Est,2021/01/08
aquitaine_2021/01/08,4,1,9,82,10,7,9:1:0,Nouvelle-Aquitaine,2021/01/08
ardeche_2021/01/08,1,-4,17,89,10,23,9:1:0,,2021/01/08
auvergne_2021/01/08,,-4,7,96,7.625,88,8:54:0,,2021/01/08
bourgogne_2021/01/08,1,-2,7,93,9.75,68,8:42:0,Bourgogne-Franche-Comté,2021/01/08
bretagne_2021/01/08,4,-1,10,91,8.75,82,8:36:0,Bretagne,2021/01/08
centre_2021/01/08,3,-1,4,89,9.625,57,8:38:0,Centre-Val de Loire,2021/01/08
champagne-ardenne_2021/01/08,2,-2,8,95,7.375,77,8:27:0,,2021/01/08
corse_2021/01/08,10,4,7,65,10,61,9:19:0,Corse,2021/01/08
franche-comte_2021/01/08,1,-2,8,97,6.75,77,8:43:0,Bourgogne-Franche-Comté,2021/01/08
ile-de-re_2021/01/08,5,1,9,83,10,28,8:51:0,,2021/01/08
ile-de-france_2021/01/08,3,1,5,88,10,51,8:31:0,Île-de-France,2021/01/08
languedoc-roussillon_2021/01/08,6,2,15,61,10,49,9:9:0,Occitanie,2021/01/08
limousin_2021/01/08,1,-3,8,97,7.5,45,8:54:0,Nouvelle-Aquitaine,2021/01/08
lorraine_2021/01/08,,0,14,95,7.25,86,8:28:0,Grand Est,2021/01/08
midi-pyrenees_2021/01/08,3,-1,9,87,10,46,9:9:0,Occitanie,2021/01/08
nord-pas-de-calais_2021/01/08,3,-1,10,90,8.375,61,8:18:0,Hauts-de-France,2021/01/08
normandie_2021/01/08,3,0,15,94,8.875,57,8:27:0,Normandie,2021/01/08
pays-de-la-loire_2021/01/08,5,-1,7,90,10,54,8:43:0,Pays de la Loire,2021/01/08
picardie_2021/01/08,3,-1,10,92,9.375,69,8:22:0,Hauts-de-France,2021/01/08
poitou-charentes_2021/01/08,5,1,9,83,10,28,8:51:0,Nouvelle-Aquitaine,2021/01/08
rh-ne-alpes_2021/01/08,1,-1,11,86,9.5,92,8:54:0,,2021/01/08
provence-alpes-c-te-d-azur_2021/01/08,8,5,12,62,10,62,9:11:0,Provence-Alpes-Côte d'Azur,2021/01/08
alsace_2021/01/09,1,-2,15,89,10,78,8:34:0,Grand Est,2021/01/09
aquitaine_2021/01/09,5,0,15,74,10,63,9:2:0,Nouvelle-Aquitaine,2021/01/09
ardeche_2021/01/09,1,-2,16,85,10,55,9:2:0,,2021/01/09
auvergne_2021/01/09,0,-5,12,95,10,81,8:56:0,,2021/01/09
bourgogne_2021/01/09,1,-3,23,91,10,49,8:44:0,Bourgogne-Franche-Comté,2021/01/09
bretagne_2021/01/09,4,-2,22,93,10,8,8:38:0,Bretagne,2021/01/09
centre_2021/01/09,3,-1,21,90,10,32,8:40:0,Centre-Val de Loire,2021/01/09
champagne-ardenne_2021/01/09,2,-1,18,94,9,33,8:29:0,,2021/01/09
corse_2021/01/09,7,5,13,82,7.875,88,9:20:0,Corse,2021/01/09
franche-comte_2021/01/09,1,-2,22,82,10,64,8:44:0,Bourgogne-Franche-Comté,2021/01/09
ile-de-re_2021/01/09,5,2,40,77,10,38,8:52:0,,2021/01/09
ile-de-france_2021/01/09,3,1,19,90,10,23,8:32:0,Île-de-France,2021/01/09
languedoc-roussillon_2021/01/09,6,3,30,68,10,74,9:10:0,Occitanie,2021/01/09
limousin_2021/01/09,2,-1,17,77,10,51,8:55:0,Nouvelle-Aquitaine,2021/01/09
lorraine_2021/01/09,0,-3,15,95,8,65,8:29:0,Grand Est,2021/01/09
midi-pyrenees_2021/01/09,5,0,7,71,10,84,9:10:0,Occitanie,2021/01/09
nord-pas-de-calais_2021/01/09,3,0,13,95,7.625,50,8:20:0,Hauts-de-France,2021/01/09
normandie_2021/01/09,4,-1,22,93,10,25,8:30:0,Normandie,2021/01/09
pays-de-la-loire_2021/01/09,4,-2,29,93,10,14,8:45:0,Pays de la Loire,2021/01/09
picardie_2021/01/09,4,-1,16,95,9,47,8:23:0,Hauts-de-France,2021/01/09
poitou-charentes_2021/01/09,5,2,40,77,10,38,8:52:0,Nouvelle-Aquitaine,2021/01/09
rh-ne-alpes_2021/01/09,1,-2,11,84,10,64,8:56:0,,2021/01/09
provence-alpes-c-te-d-azur_2021/01/09,9,6,14,51,10,77,9:12:0,Provence-Alpes-Côte d'Azur,2021/01/09
alsace_2021/01/10,0,-2,14,84,10,31,8:36:0,Grand Est,2021/01/10
aquitaine_2021/01/10,4,0,21,70,10,10,9:4:0,Nouvelle-Aquitaine,2021/01/10
ardeche_2021/01/10,0,-4,19,86,10,9,9:4:0,,2021/01/10
auvergne_2021/01/10,-2,-5,14,91,8.375,81,8:57:0,,2021/01/10
bourgogne_2021/01/10,0,-4,23,91,10,25,8:45:0,Bourgogne-Franche-Comté,2021/01/10
bretagne_2021/01/10,5,-2,15,92,10,6,8:39:0,Bretagne,2021/01/10
centre_2021/01/10,3,-1,20,82,10,7,8:41:0,Centre-Val de Loire,2021/01/10
champagne-ardenne_2021/01/10,2,-2,12,94,9,20,8:31:0,,2021/01/10
corse_2021/01/10,11,6,9,91,8.375,84,9:22:0,Corse,2021/01/10
franche-comte_2021/01/10,0,-3,24,79,10,23,8:46:0,Bourgogne-Franche-Comté,2021/01/10
ile-de-re_2021/01/10,5,1,36,79,10,2,8:54:0,,2021/01/10
ile-de-france_2021/01/10,4,0,12,88,10,13,8:34:0,Île-de-France,2021/01/10
languedoc-roussillon_2021/01/10,5,2,26,64,10,51,9:11:0,Occitanie,2021/01/10
limousin_2021/01/10,1,-3,18,80,10,9,8:56:0,Nouvelle-Aquitaine,2021/01/10
lorraine_2021/01/10,-1,-4,17,91,10,21,8:32:0,Grand Est,2021/01/10
midi-pyrenees_2021/01/10,3,-1,16,80,10,32,9:12:0,Occitanie,2021/01/10
nord-pas-de-calais_2021/01/10,4,,6,88,10,12,8:22:0,Hauts-de-France,2021/01/10
normandie_2021/01/10,5,0,8,88,10,29,8:31:0,Normandie,2021/01/10
pays-de-la-loire_2021/01/10,5,-1,24,86,10,5,8:46:0,Pays de la Loire,2021/01/10
picardie_2021/01/10,4,-1,7,90,10,8,8:25:0,Hauts-de-France,2021/01/10
poitou-charentes_2021/01/10,5,1,36,79,10,2,8:55:0,Nouvelle-Aquitaine,2021/01/10
rh-ne-alpes_2021/01/10,0,-2,15,80,10,53,8:57:0,,2021/01/10
provence-alpes-c-te-d-azur_2021/01/10,7,6,16,56,10,59,9:13:0,Provence-Alpes-Côte d'Azur,2021/01/10
alsace_2021/01/11,0,-3,8,88,10,15,8:38:0,Grand Est,2021/01/11
aquitaine_2021/01/11,5,-2,11,90,10,9,9:5:0,Nouvelle-Aquitaine,2021/01/11
ardeche_2021/01/11,1,-4,13,77,10,16,9:6:0,,2021/01/11
auvergne_2021/01/11,2,-6,5,93,10,34,8:58:0,,2021/01/11
bourgogne_2021/01/11,1,-4,9,92,10,13,8:48:0,Bourgogne-Franche-Comté,2021/01/11
bretagne_2021/01/11,6,0,13,90,10,49,8:42:0,Bretagne,2021/01/11
centre_2021/01/11,4,-1,6,92,10,30,8:43:0,Centre-Val de Loire,2021/01/11
champagne-ardenne_2021/01/11,4,-1,11,88,10,52,8:32:0,,2021/01/11
corse_2021/01/11,7,4,8,87,7.75,80,9:23:0,Corse,2021/01/11
franche-comte_2021/01/11,1,-5,8,81,10,6,8:48:0,Bourgogne-Franche-Comté,2021/01/11
ile-de-re_2021/01/11,5,1,18,85,10,6,8:55:0,,2021/01/11
ile-de-france_2021/01/11,4,1,8,84,10,50,8:36:0,Île-de-France,2021/01/11
languedoc-roussillon_2021/01/11,8,1,12,67,10,22,9:13:0,Occitanie,2021/01/11
limousin_2021/01/11,3,-4,8,94,9,13,8:58:0,Nouvelle-Aquitaine,2021/01/11
lorraine_2021/01/11,1,-3,6,83,10,26,8:33:0,Grand Est,2021/01/11
midi-pyrenees_2021/01/11,1,-3,16,92,10,44,9:13:0,Occitanie,2021/01/11
nord-pas-de-calais_2021/01/11,5,0,17,94,10,70,8:24:0,Hauts-de-France,2021/01/11
normandie_2021/01/11,6,1,18,92,10,71,8:33:0,Normandie,2021/01/11
pays-de-la-loire_2021/01/11,6,-1,8,92,10,24,8:49:0,Pays de la Loire,2021/01/11
picardie_2021/01/11,5,0,16,93,9,67,8:28:0,Hauts-de-France,2021/01/11
poitou-charentes_2021/01/11,5,1,18,85,10,6,8:56:0,Nouvelle-Aquitaine,2021/01/11
rh-ne-alpes_2021/01/11,2,-3,7,81,10,38,8:58:0,,2021/01/11
provence-alpes-c-te-d-azur_2021/01/11,9,6,10,82,10,31,9:15:0,Provence-Alpes-Côte d'Azur,2021/01/11
alsace_2021/01/12,3,0,22,94,8.75,96,8:39:0,Grand Est,2021/01/12
aquitaine_2021/01/12,8,4,13,88,10,96,9:6:0,Nouvelle-Aquitaine,2021/01/12
ardeche_2021/01/12,6,-2,17,87,10,50,9:7:0,,2021/01/12
auvergne_2021/01/12,4,0,11,93,8.25,96,9:0:0,,2021/01/12
bourgogne_2021/01/12,4,1,21,97,9,95,8:49:0,Bourgogne-Franche-Comté,2021/01/12
bretagne_2021/01/12,10,6,24,91,10,91,8:43:0,Bretagne,2021/01/12
centre_2021/01/12,8,4,26,92,8.5,100,8:44:0,Centre-Val de Loire,2021/01/12
champagne-ardenne_2021/01/12,7,5,31,97,7.25,100,8:35:0,,2021/01/12
corse_2021/01/12,8,7,7,82,10,66,9:24:0,Corse,2021/01/12
franche-comte_2021/01/12,3,0,24,97,8,100,8:49:0,Bourgogne-Franche-Comté,2021/01/12
ile-de-re_2021/01/12,10,9,28,83,10,95,8:57:0,,2021/01/12
ile-de-france_2021/01/12,9,6,23,95,8.5,100,8:38:0,Île-de-France,2021/01/12
languedoc-roussillon_2021/01/12,10,3,32,65,10,13,9:14:0,Occitanie,2021/01/12
limousin_2021/01/12,4,1,11,98,1.75,100,8:59:0,Nouvelle-Aquitaine,2021/01/12
lorraine_2021/01/12,4,3,30,95,6.375,100,8:35:0,Grand Est,2021/01/12
midi-pyrenees_2021/01/12,5,1,19,75,10,82,9:14:0,Occitanie,2021/01/12
nord-pas-de-calais_2021/01/12,8,7,30,92,6.875,97,8:25:0,Hauts-de-France,2021/01/12
normandie_2021/01/12,10,9,35,92,8.125,100,8:35:0,Normandie,2021/01/12
pays-de-la-loire_2021/01/12,11,7,27,88,10,96,8:50:0,Pays de la Loire,2021/01/12
picardie_2021/01/12,8,3,35,96,5.25,100,8:29:0,Hauts-de-France,2021/01/12
poitou-charentes_2021/01/12,10,9,28,83,10,95,8:57:0,Nouvelle-Aquitaine,2021/01/12
rh-ne-alpes_2021/01/12,2,-1,6,95,7.25,97,9:0:0,,2021/01/12
provence-alpes-c-te-d-azur_2021/01/12,10,3,53,64,10,13,9:16:0,Provence-Alpes-Côte d'Azur,2021/01/12
alsace_2021/01/13,4,-1,10,88,9.375,82,8:42:0,Grand Est,2021/01/13
aquitaine_2021/01/13,11,9,15,92,9.75,69,9:8:0,Nouvelle-Aquitaine,2021/01/13
ardeche_2021/01/13,8,5,12,93,7.25,62,9:9:0,,2021/01/13
auvergne_2021/01/13,7,6,16,95,9.125,82,9:2:0,,2021/01/13
bourgogne_2021/01/13,5,2,10,98,4.375,100,8:51:0,Bourgogne-Franche-Comté,2021/01/13
bretagne_2021/01/13,10,8,20,93,10,84,8:45:0,Bretagne,2021/01/13
centre_2021/01/13,10,8,22,97,7.125,97,8:47:0,Centre-Val de Loire,2021/01/13
champagne-ardenne_2021/01/13,4,1,6,97,9.375,78,8:36:0,,2021/01/13
corse_2021/01/13,10,3,11,76,10,13,9:26:0,Corse,2021/01/13
franche-comte_2021/01/13,5,2,11,99,3,100,8:52:0,Bourgogne-Franche-Comté,2021/01/13
ile-de-re_2021/01/13,11,10,25,88,10,79,8:59:0,,2021/01/13
ile-de-france_2021/01/13,9,5,20,98,5.25,97,8:39:0,Île-de-France,2021/01/13
languedoc-roussillon_2021/01/13,13,11,38,71,10,14,9:15:0,Occitanie,2021/01/13
limousin_2021/01/13,8,7,13,97,7.375,92,9:2:0,Nouvelle-Aquitaine,2021/01/13
lorraine_2021/01/13,4,-2,16,92,8,67,8:37:0,Grand Est,2021/01/13
midi-pyrenees_2021/01/13,10,6,27,91,9,90,9:16:0,Occitanie,2021/01/13
nord-pas-de-calais_2021/01/13,4,1,9,97,9.25,86,8:28:0,Hauts-de-France,2021/01/13
normandie_2021/01/13,10,9,28,91,9.75,88,8:37:0,Normandie,2021/01/13
pays-de-la-loire_2021/01/13,10,8,19,94,10,79,8:52:0,Pays de la Loire,2021/01/13
picardie_2021/01/13,8,3,15,97,8.125,78,8:31:0,Hauts-de-France,2021/01/13
poitou-charentes_2021/01/13,11,10,25,88,10,79,8:59:0,Nouvelle-Aquitaine,2021/01/13
rh-ne-alpes_2021/01/13,5,4,5,98,7.5,95,9:2:0,,2021/01/13
provence-alpes-c-te-d-azur_2021/01/13,13,10,45,74,10,25,9:17:0,Provence-Alpes-Côte d'Azur,2021/01/13
alsace_2021/01/14,2,1,5,98,2.75,98,8:43:0,Grand Est,2021/01/14
aquitaine_2021/01/14,10,8,17,90,9,79,9:10:0,Nouvelle-Aquitaine,2021/01/14
ardeche_2021/01/14,9,4,19,86,8.375,42,9:10:0,,2021/01/14
auvergne_2021/01/14,7,4,8,92,8.875,78,9:4:0,,2021/01/14
bourgogne_2021/01/14,7,6,23,92,7.75,98,8:53:0,Bourgogne-Franche-Comté,2021/01/14
bretagne_2021/01/14,11,8,23,91,8,89,8:47:0,Bretagne,2021/01/14
centre_2021/01/14,8,7,18,92,6.375,81,8:49:0,Centre-Val de Loire,2021/01/14
champagne-ardenne_2021/01/14,3,2,20,96,7.125,100,8:38:0,,2021/01/14
corse_2021/01/14,12,8,8,82,10,27,9:27:0,Corse,2021/01/14
franche-comte_2021/01/14,6,5,17,98,7.25,100,8:54:0,Bourgogne-Franche-Comté,2021/01/14
ile-de-re_2021/01/14,11,10,33,92,9,81,9:1:0,,2021/01/14
ile-de-france_2021/01/14,9,8,18,89,6.625,98,8:42:0,Île-de-France,2021/01/14
languedoc-roussillon_2021/01/14,12,8,36,67,10,3,9:18:0,Occitanie,2021/01/14
limousin_2021/01/14,7,5,13,96,5.625,92,9:3:0,Nouvelle-Aquitaine,2021/01/14
lorraine_2021/01/14,2,0,12,100,3.5,100,8:39:0,Grand Est,2021/01/14
midi-pyrenees_2021/01/14,8,6,22,86,9.375,84,9:17:0,Occitanie,2021/01/14
nord-pas-de-calais_2021/01/14,4,3,23,96,7.5,100,8:30:0,Hauts-de-France,2021/01/14
normandie_2021/01/14,10,8,29,91,5,98,8:39:0,Normandie,2021/01/14
pays-de-la-loire_2021/01/14,12,9,26,90,9,91,8:53:0,Pays de la Loire,2021/01/14
picardie_2021/01/14,8,7,11,97,7.25,100,8:34:0,Hauts-de-France,2021/01/14
poitou-charentes_2021/01/14,11,10,33,92,9,81,9:2:0,Nouvelle-Aquitaine,2021/01/14
rh-ne-alpes_2021/01/14,8,4,5,91,8.625,88,9:4:0,,2021/01/14
provence-alpes-c-te-d-azur_2021/01/14,13,10,59,68,10,3,9:20:0,Provence-Alpes-Côte d'Azur,2021/01/14
alsace_2021/01/15,0,-3,10,94,7,54,8:45:0,Grand Est,2021/01/15
aquitaine_2021/01/15,9,6,16,89,10,72,9:12:0,Nouvelle-Aquitaine,2021/01/15
ardeche_2021/01/15,7,3,19,87,10,61,9:12:0,,2021/01/15
auvergne_2021/01/15,6,3,16,95,7.5,100,9:5:0,,2021/01/15
bourgogne_2021/01/15,6,2,17,96,7.125,88,8:55:0,Bourgogne-Franche-Comté,2021/01/15
bretagne_2021/01/15,7,5,18,81,10,57,8:49:0,Bretagne,2021/01/15
centre_2021/01/15,8,3,22,85,8.75,72,8:51:0,Centre-Val de Loire,2021/01/15
champagne-ardenne_2021/01/15,2,0,17,90,8.875,72,8:41:0,,2021/01/15
corse_2021/01/15,11,9,8,77,9.375,70,9:28:0,Corse,2021/01/15
franche-comte_2021/01/15,5,2,13,98,6.625,88,8:55:0,Bourgogne-Franche-Comté,2021/01/15
ile-de-re_2021/01/15,8,7,30,82,10,55,9:3:0,,2021/01/15
ile-de-france_2021/01/15,5,2,17,89,9.875,53,8:44:0,Île-de-France,2021/01/15
languedoc-roussillon_2021/01/15,11,9,36,69,10,28,9:19:0,Occitanie,2021/01/15
limousin_2021/01/15,6,3,16,94,9.25,95,9:5:0,Nouvelle-Aquitaine,2021/01/15
lorraine_2021/01/15,-1,-3,18,91,7,54,8:42:0,Grand Est,2021/01/15
midi-pyrenees_2021/01/15,8,7,27,88,9.625,84,9:20:0,Occitanie,2021/01/15
nord-pas-de-calais_2021/01/15,1,-1,18,88,8.25,62,8:33:0,Hauts-de-France,2021/01/15
normandie_2021/01/15,6,4,24,84,8.875,72,8:41:0,Normandie,2021/01/15
pays-de-la-loire_2021/01/15,7,5,18,90,10,48,8:56:0,Pays de la Loire,2021/01/15
picardie_2021/01/15,2,0,19,90,8.25,53,8:35:0,Hauts-de-France,2021/01/15
poitou-charentes_2021/01/15,8,7,30,82,10,55,9:3:0,Nouvelle-Aquitaine,2021/01/15
rh-ne-alpes_2021/01/15,6,5,16,90,6.375,97,9:5:0,,2021/01/15
provence-alpes-c-te-d-azur_2021/01/15,11,10,41,68,10,19,9:21:0,Provence-Alpes-Côte d'Azur,2021/01/15
alsace_2021/01/16,-4,-8,7,95,4,50,8:48:0,Grand Est,2021/01/16
aquitaine_2021/01/16,7,2,5,82,10,70,9:13:0,Nouvelle-Aquitaine,2021/01/16
ardeche_2021/01/16,3,-2,18,76,10,36,9:14:0,,2021/01/16
auvergne_2021/01/16,2,-3,3,88,9.125,69,9:7:0,,2021/01/16
bourgogne_2021/01/16,1,-3,6,91,9.375,66,8:57:0,Bourgogne-Franche-Comté,2021/01/16
bretagne_2021/01/16,8,2,27,95,8.5,96,8:51:0,Bretagne,2021/01/16
centre_2021/01/16,1,-1,14,90,9.375,71,8:53:0,Centre-Val de Loire,2021/01/16
champagne-ardenne_2021/01/16,1,-2,13,87,9.625,66,8:43:0,,2021/01/16
corse_2021/01/16,10,7,9,76,9,66,9:30:0,Corse,2021/01/16
franche-comte_2021/01/16,-1,-5,6,96,7,53,8:58:0,Bourgogne-Franche-Comté,2021/01/16
ile-de-re_2021/01/16,7,3,23,88,7,85,9:5:0,,2021/01/16
ile-de-france_2021/01/16,1,0,15,90,9.375,80,8:46:0,Île-de-France,2021/01/16
languedoc-roussillon_2021/01/16,8,3,15,59,10,26,9:21:0,Occitanie,2021/01/16
limousin_2021/01/16,4,-2,6,95,7.25,80,9:8:0,Nouvelle-Aquitaine,2021/01/16
lorraine_2021/01/16,-3,-7,5,95,6.625,62,8:44:0,Grand Est,2021/01/16
midi-pyrenees_2021/01/16,6,0,13,89,10,47,9:21:0,Occitanie,2021/01/16
nord-pas-de-calais_2021/01/16,0,-2,22,91,8.875,78,8:34:0,Hauts-de-France,2021/01/16
normandie_2021/01/16,6,1,31,91,9.5,89,8:43:0,Normandie,2021/01/16
pays-de-la-loire_2021/01/16,7,2,27,92,7.375,98,8:58:0,Pays de la Loire,2021/01/16
picardie_2021/01/16,1,-1,22,94,8.625,68,8:38:0,Hauts-de-France,2021/01/16
poitou-charentes_2021/01/16,7,3,23,88,7,85,9:5:0,Nouvelle-Aquitaine,2021/01/16
rh-ne-alpes_2021/01/16,1,-1,12,83,8.625,81,9:7:0,,2021/01/16
provence-alpes-c-te-d-azur_2021/01/16,7,5,22,69,10,18,9:23:0,Provence-Alpes-Côte d'Azur,2021/01/16
alsace_2021/01/17,2,0,10,100,5.25,100,8:50:0,Grand Est,2021/01/17
aquitaine_2021/01/17,10,9,9,96,7.25,98,9:15:0,Nouvelle-Aquitaine,2021/01/17
ardeche_2021/01/17,6,2,22,93,7.875,49,9:16:0,,2021/01/17
auvergne_2021/01/17,5,2,9,94,7.5,76,9:10:0,,2021/01/17
bourgogne_2021/01/17,4,2,13,99,5.625,81,8:59:0,Bourgogne-Franche-Comté,2021/01/17
bretagne_2021/01/17,8,3,9,92,7.625,70,8:54:0,Bretagne,2021/01/17
centre_2021/01/17,6,4,10,94,7.5,66,8:55:0,Centre-Val de Loire,2021/01/17
champagne-ardenne_2021/01/17,4,2,15,98,7.375,81,8:45:0,,2021/01/17
corse_2021/01/17,9,3,9,76,9.375,56,9:32:0,Corse,2021/01/17
franche-comte_2021/01/17,3,2,18,99,6.125,99,9:0:0,Bourgogne-Franche-Comté,2021/01/17
ile-de-re_2021/01/17,9,7,10,91,6.875,53,9:6:0,,2021/01/17
ile-de-france_2021/01/17,7,4,11,93,9,75,8:48:0,Île-de-France,2021/01/17
languedoc-roussillon_2021/01/17,12,8,21,78,10,34,9:23:0,Occitanie,2021/01/17
limousin_2021/01/17,5,4,4,99,5,78,9:9:0,Nouvelle-Aquitaine,2021/01/17
lorraine_2021/01/17,1,-4,17,100,6.625,99,8:46:0,Grand Est,2021/01/17
midi-pyrenees_2021/01/17,9,8,28,94,8.625,92,9:23:0,Occitanie,2021/01/17
nord-pas-de-calais_2021/01/17,4,2,17,93,9.625,63,8:37:0,Hauts-de-France,2021/01/17
normandie_2021/01/17,7,4,13,89,9.875,82,8:46:0,Normandie,2021/01/17
pays-de-la-loire_2021/01/17,8,4,7,94,8,45,9:0:0,Pays de la Loire,2021/01/17
picardie_2021/01/17,5,1,15,94,10,59,8:40:0,Hauts-de-France,2021/01/17
poitou-charentes_2021/01/17,9,7,10,91,6.875,53,9:6:0,Nouvelle-Aquitaine,2021/01/17
rh-ne-alpes_2021/01/17,5,1,8,94,8.25,81,9:10:0,,2021/01/17
provence-alpes-c-te-d-azur_2021/01/17,10,8,52,74,10,23,9:24:0,Provence-Alpes-Côte d'Azur,2021/01/17
alsace_2021/01/18,1,-1,9,99,4.5,81,8:52:0,Grand Est,2021/01/18
aquitaine_2021/01/18,9,4,7,87,10,11,9:18:0,Nouvelle-Aquitaine,2021/01/18
ardeche_2021/01/18,5,0,17,89,10,11,9:18:0,,2021/01/18
auvergne_2021/01/18,5,-1,5,96,9.5,56,9:11:0,,2021/01/18
bourgogne_2021/01/18,3,-1,7,95,6.375,69,9:1:0,Bourgogne-Franche-Comté,2021/01/18
bretagne_2021/01/18,7,2,18,94,10,70,8:55:0,Bretagne,2021/01/18
centre_2021/01/18,5,1,12,94,10,37,8:58:0,Centre-Val de Loire,2021/01/18
champagne-ardenne_2021/01/18,4,0,15,96,7,72,8:47:0,,2021/01/18
corse_2021/01/18,11,2,9,70,10,31,9:34:0,Corse,2021/01/18
franche-comte_2021/01/18,2,0,5,99,6.125,91,9:1:0,Bourgogne-Franche-Comté,2021/01/18
ile-de-re_2021/01/18,7,5,14,84,10,24,9:8:0,,2021/01/18
ile-de-france_2021/01/18,6,3,13,94,9,60,8:51:0,Île-de-France,2021/01/18
languedoc-roussillon_2021/01/18,10,5,17,64,10,12,9:25:0,Occitanie,2021/01/18
limousin_2021/01/18,6,-1,4,97,7,28,9:11:0,Nouvelle-Aquitaine,2021/01/18
lorraine_2021/01/18,2,0,14,99,5,87,8:48:0,Grand Est,2021/01/18
midi-pyrenees_2021/01/18,8,2,3,88,10,23,9:24:0,Occitanie,2021/01/18
nord-pas-de-calais_2021/01/18,4,1,20,94,10,60,8:39:0,Hauts-de-France,2021/01/18
normandie_2021/01/18,6,2,20,93,9.375,76,8:48:0,Normandie,2021/01/18
pays-de-la-loire_2021/01/18,7,3,15,92,10,65,9:2:0,Pays de la Loire,2021/01/18
picardie_2021/01/18,5,1,18,94,9,56,8:43:0,Hauts-de-France,2021/01/18
poitou-charentes_2021/01/18,7,5,14,84,10,24,9:9:0,Nouvelle-Aquitaine,2021/01/18
rh-ne-alpes_2021/01/18,4,0,6,95,8,61,9:11:0,,2021/01/18
provence-alpes-c-te-d-azur_2021/01/18,9,5,29,68,10,6,9:27:0,Provence-Alpes-Côte d'Azur,2021/01/18
alsace_2021/01/19,3,-1,18,87,8,75,8:54:0,Grand Est,2021/01/19
aquitaine_2021/01/19,11,2,10,85,10,4,9:19:0,Nouvelle-Aquitaine,2021/01/19
ardeche_2021/01/19,6,0,10,74,10,11,9:20:0,,2021/01/19
auvergne_2021/01/19,9,0,10,67,10,6,9:13:0,,2021/01/19
bourgogne_2021/01/19,3,-1,19,94,9,30,9:4:0,Bourgogne-Franche-Comté,2021/01/19
bretagne_2021/01/19,11,9,30,93,9,99,8:58:0,Bretagne,2021/01/19
centre_2021/01/19,6,2,21,86,10,55,8:59:0,Centre-Val de Loire,2021/01/19
champagne-ardenne_2021/01/19,6,3,31,90,7.875,86,8:50:0,,2021/01/19
corse_2021/01/19,10,5,9,74,10,17,9:36:0,Corse,2021/01/19
franche-comte_2021/01/19,4,-2,15,88,9.625,28,9:4:0,Bourgogne-Franche-Comté,2021/01/19
ile-de-re_2021/01/19,9,5,26,89,10,20,9:11:0,,2021/01/19
ile-de-france_2021/01/19,8,4,23,84,8,80,8:53:0,Île-de-France,2021/01/19
languedoc-roussillon_2021/01/19,8,4,10,73,10,26,9:27:0,Occitanie,2021/01/19
limousin_2021/01/19,7,-1,12,92,7.625,6,9:14:0,Nouvelle-Aquitaine,2021/01/19
lorraine_2021/01/19,2,1,27,90,8.75,83,8:51:0,Grand Est,2021/01/19
midi-pyrenees_2021/01/19,9,1,18,80,10,6,9:27:0,Occitanie,2021/01/19
nord-pas-de-calais_2021/01/19,10,6,36,92,8.25,98,8:42:0,Hauts-de-France,2021/01/19
normandie_2021/01/19,10,9,32,90,8.25,86,8:51:0,Normandie,2021/01/19
pays-de-la-loire_2021/01/19,11,6,28,94,10,70,9:4:0,Pays de la Loire,2021/01/19
picardie_2021/01/19,10,6,33,91,7.625,97,8:45:0,Hauts-de-France,2021/01/19
poitou-charentes_2021/01/19,9,5,26,89,10,20,9:11:0,Nouvelle-Aquitaine,2021/01/19
rh-ne-alpes_2021/01/19,6,0,11,87,10,11,9:14:0,,2021/01/19
provence-alpes-c-te-d-azur_2021/01/19,11,7,12,60,10,34,9:29:0,Provence-Alpes-Côte d'Azur,2021/01/19
alsace_2021/01/20,5,1,15,85,10,53,8:57:0,Grand Est,2021/01/20
aquitaine_2021/01/20,12,5,20,74,10,51,9:21:0,Nouvelle-Aquitaine,2021/01/20
ardeche_2021/01/20,9,5,27,94,8.875,92,9:22:0,,2021/01/20
auvergne_2021/01/20,10,3,24,75,10,54,9:16:0,,2021/01/20
bourgogne_2021/01/20,9,3,37,91,10,56,9:6:0,Bourgogne-Franche-Comté,2021/01/20
bretagne_2021/01/20,10,9,37,90,7.125,94,9:0:0,Bretagne,2021/01/20
centre_2021/01/20,10,6,26,69,10,70,9:2:0,Centre-Val de Loire,2021/01/20
champagne-ardenne_2021/01/20,8,4,24,75,10,69,8:52:0,,2021/01/20
corse_2021/01/20,13,9,6,83,9.75,57,9:37:0,Corse,2021/01/20
franche-comte_2021/01/20,9,4,17,79,10,29,9:6:0,Bourgogne-Franche-Comté,2021/01/20
ile-de-re_2021/01/20,11,8,47,78,9,76,9:13:0,,2021/01/20
ile-de-france_2021/01/20,10,6,25,67,9,87,8:56:0,Île-de-France,2021/01/20
languedoc-roussillon_2021/01/20,13,9,37,87,10,78,9:28:0,Occitanie,2021/01/20
limousin_2021/01/20,8,3,19,70,9.875,55,9:15:0,Nouvelle-Aquitaine,2021/01/20
lorraine_2021/01/20,8,2,23,85,10,61,8:53:0,Grand Est,2021/01/20
midi-pyrenees_2021/01/20,10,4,24,86,10,34,9:29:0,Occitanie,2021/01/20
nord-pas-de-calais_2021/01/20,8,7,36,84,8.75,100,8:45:0,Hauts-de-France,2021/01/20
normandie_2021/01/20,9,8,35,88,7.875,98,8:53:0,Normandie,2021/01/20
pays-de-la-loire_2021/01/20,11,9,41,82,7.625,92,9:7:0,Pays de la Loire,2021/01/20
picardie_2021/01/20,8,7,35,82,8.125,92,8:48:0,Hauts-de-France,2021/01/20
poitou-charentes_2021/01/20,11,8,47,78,9,76,9:14:0,Nouvelle-Aquitaine,2021/01/20
rh-ne-alpes_2021/01/20,11,6,42,81,10,36,9:16:0,,2021/01/20
provence-alpes-c-te-d-azur_2021/01/20,13,12,39,84,10,81,9:30:0,Provence-Alpes-Côte d'Azur,2021/01/20
alsace_2021/01/21,7,3,26,88,8.875,78,8:59:0,Grand Est,2021/01/21
aquitaine_2021/01/21,14,11,28,89,6,94,9:24:0,Nouvelle-Aquitaine,2021/01/21
ardeche_2021/01/21,9,7,11,96,6.875,100,9:24:0,,2021/01/21
auvergne_2021/01/21,10,7,18,89,8.125,81,9:18:0,,2021/01/21
bourgogne_2021/01/21,11,9,42,80,6.875,86,9:9:0,Bourgogne-Franche-Comté,2021/01/21
bretagne_2021/01/21,10,5,38,85,8.625,71,9:3:0,Bretagne,2021/01/21
centre_2021/01/21,11,7,30,81,7.875,85,9:4:0,Centre-Val de Loire,2021/01/21
champagne-ardenne_2021/01/21,9,6,31,80,8.75,92,8:55:0,,2021/01/21
corse_2021/01/21,14,9,11,76,8.75,72,9:40:0,Corse,2021/01/21
franche-comte_2021/01/21,10,8,33,79,9.75,80,9:9:0,Bourgogne-Franche-Comté,2021/01/21
ile-de-re_2021/01/21,11,10,59,87,8.75,90,9:16:0,,2021/01/21
ile-de-france_2021/01/21,10,7,25,74,7.375,83,8:58:0,Île-de-France,2021/01/21
languedoc-roussillon_2021/01/21,13,11,16,88,9.875,46,9:30:0,Occitanie,2021/01/21
limousin_2021/01/21,9,8,24,93,8.625,97,9:17:0,Nouvelle-Aquitaine,2021/01/21
lorraine_2021/01/21,9,6,40,87,8.375,84,8:56:0,Grand Est,2021/01/21
midi-pyrenees_2021/01/21,12,8,15,70,9,54,9:31:0,Occitanie,2021/01/21
nord-pas-de-calais_2021/01/21,8,5,35,79,8.875,90,8:47:0,Hauts-de-France,2021/01/21
normandie_2021/01/21,8,5,28,87,8.5,83,8:56:0,Normandie,2021/01/21
pays-de-la-loire_2021/01/21,10,7,45,89,8,91,9:9:0,Pays de la Loire,2021/01/21
picardie_2021/01/21,8,5,33,81,9.5,86,8:51:0,Hauts-de-France,2021/01/21
poitou-charentes_2021/01/21,11,10,59,87,8.75,90,9:16:0,Nouvelle-Aquitaine,2021/01/21
rh-ne-alpes_2021/01/21,11,9,30,78,9.375,78,9:18:0,,2021/01/21
provence-alpes-c-te-d-azur_2021/01/21,13,12,32,83,9.875,83,9:32:0,Provence-Alpes-Côte d'Azur,2021/01/21
alsace_2021/01/22,7,5,22,85,6.75,95,9:2:0,Grand Est,2021/01/22
aquitaine_2021/01/22,11,8,32,87,9,83,9:26:0,Nouvelle-Aquitaine,2021/01/22
ardeche_2021/01/22,9,7,10,98,7.875,90,9:27:0,,2021/01/22
auvergne_2021/01/22,9,4,22,90,8.5,74,9:21:0,,2021/01/22
bourgogne_2021/01/22,9,7,25,90,6.875,95,9:11:0,Bourgogne-Franche-Comté,2021/01/22
bretagne_2021/01/22,7,4,14,92,9.625,68,9:5:0,Bretagne,2021/01/22
centre_2021/01/22,7,5,16,95,8,95,9:7:0,Centre-Val de Loire,2021/01/22
champagne-ardenne_2021/01/22,6,4,14,89,8.25,93,8:58:0,,2021/01/22
corse_2021/01/22,13,10,28,95,7.75,80,9:42:0,Corse,2021/01/22
franche-comte_2021/01/22,9,7,24,90,7.75,85,9:11:0,Bourgogne-Franche-Comté,2021/01/22
ile-de-re_2021/01/22,10,8,40,93,8.625,89,9:17:0,,2021/01/22
ile-de-france_2021/01/22,7,5,12,86,6.875,96,9:1:0,Île-de-France,2021/01/22
languedoc-roussillon_2021/01/22,12,9,20,89,9.375,67,9:33:0,Occitanie,2021/01/22
limousin_2021/01/22,7,6,19,94,5.25,97,9:20:0,Nouvelle-Aquitaine,2021/01/22
lorraine_2021/01/22,8,4,27,88,7.625,92,8:58:0,Grand Est,2021/01/22
midi-pyrenees_2021/01/22,11,7,56,83,7.875,70,9:32:0,Occitanie,2021/01/22
nord-pas-de-calais_2021/01/22,6,3,18,92,9.625,81,8:50:0,Hauts-de-France,2021/01/22
normandie_2021/01/22,7,3,14,92,9.5,66,8:58:0,Normandie,2021/01/22
pays-de-la-loire_2021/01/22,6,5,31,96,8.75,73,9:11:0,Pays de la Loire,2021/01/22
picardie_2021/01/22,7,3,18,92,9.875,78,8:53:0,Hauts-de-France,2021/01/22
poitou-charentes_2021/01/22,10,8,40,93,8.625,89,9:17:0,Nouvelle-Aquitaine,2021/01/22
rh-ne-alpes_2021/01/22,10,8,19,86,8.25,86,9:21:0,,2021/01/22
provence-alpes-c-te-d-azur_2021/01/22,13,12,31,84,8.5,68,9:35:0,Provence-Alpes-Côte d'Azur,2021/01/22
alsace_2021/01/23,6,3,10,91,8.75,86,9:4:0,Grand Est,2021/01/23
aquitaine_2021/01/23,9,8,41,76,9.5,84,9:28:0,Nouvelle-Aquitaine,2021/01/23
ardeche_2021/01/23,3,1,8,95,9.25,54,9:28:0,,2021/01/23
auvergne_2021/01/23,5,-1,28,89,8.625,59,9:22:0,,2021/01/23
bourgogne_2021/01/23,5,2,20,95,8.25,86,9:12:0,Bourgogne-Franche-Comté,2021/01/23
bretagne_2021/01/23,7,3,22,88,9.75,65,9:8:0,Bretagne,2021/01/23
centre_2021/01/23,4,2,17,93,8.875,59,9:9:0,Centre-Val de Loire,2021/01/23
champagne-ardenne_2021/01/23,4,2,15,94,9.75,81,9:0:0,,2021/01/23
corse_2021/01/23,10,8,50,77,9.5,78,9:43:0,Corse,2021/01/23
franche-comte_2021/01/23,6,3,14,93,7.375,90,9:14:0,Bourgogne-Franche-Comté,2021/01/23
ile-de-re_2021/01/23,8,7,54,82,8.5,82,9:19:0,,2021/01/23
ile-de-france_2021/01/23,5,3,13,85,9,65,9:3:0,Île-de-France,2021/01/23
languedoc-roussillon_2021/01/23,10,7,50,77,9,48,9:35:0,Occitanie,2021/01/23
limousin_2021/01/23,4,2,23,96,5.875,91,9:22:0,Nouvelle-Aquitaine,2021/01/23
lorraine_2021/01/23,4,2,15,96,7,97,9:1:0,Grand Est,2021/01/23
midi-pyrenees_2021/01/23,8,5,45,89,8.875,81,9:35:0,Occitanie,2021/01/23
nord-pas-de-calais_2021/01/23,5,3,22,90,10,80,8:53:0,Hauts-de-France,2021/01/23
normandie_2021/01/23,5,2,17,94,9.75,73,9:1:0,Normandie,2021/01/23
pays-de-la-loire_2021/01/23,7,4,28,92,9.375,61,9:13:0,Pays de la Loire,2021/01/23
picardie_2021/01/23,5,2,17,92,10,74,8:56:0,Hauts-de-France,2021/01/23
poitou-charentes_2021/01/23,8,7,54,82,8.5,82,9:20:0,Nouvelle-Aquitaine,2021/01/23
rh-ne-alpes_2021/01/23,5,3,22,86,9.625,78,9:22:0,,2021/01/23
provence-alpes-c-te-d-azur_2021/01/23,10,8,48,67,9.75,46,9:36:0,Provence-Alpes-Côte d'Azur,2021/01/23
alsace_2021/01/24,3,1,16,83,7.25,60,9:7:0,Grand Est,2021/01/24
aquitaine_2021/01/24,10,6,22,92,9.625,80,9:30:0,Nouvelle-Aquitaine,2021/01/24
ardeche_2021/01/24,5,2,13,89,9.875,49,9:30:0,,2021/01/24
auvergne_2021/01/24,5,-2,12,94,9.625,89,9:24:0,,2021/01/24
bourgogne_2021/01/24,4,-1,14,91,8.25,63,9:15:0,Bourgogne-Franche-Comté,2021/01/24
bretagne_2021/01/24,6,0,25,89,9.25,70,9:10:0,Bretagne,2021/01/24
centre_2021/01/24,4,0,20,92,9.25,48,9:12:0,Centre-Val de Loire,2021/01/24
champagne-ardenne_2021/01/24,3,-1,15,92,8.375,48,9:3:0,,2021/01/24
corse_2021/01/24,10,8,32,92,8.625,75,9:45:0,Corse,2021/01/24
franche-comte_2021/01/24,3,0,11,96,8,76,9:16:0,Bourgogne-Franche-Comté,2021/01/24
ile-de-re_2021/01/24,9,5,36,85,9.5,81,9:22:0,,2021/01/24
ile-de-france_2021/01/24,5,3,20,79,8.75,42,9:6:0,Île-de-France,2021/01/24
languedoc-roussillon_2021/01/24,10,6,30,80,9.25,51,9:36:0,Occitanie,2021/01/24
limousin_2021/01/24,4,0,14,96,7.25,95,9:25:0,Nouvelle-Aquitaine,2021/01/24
lorraine_2021/01/24,2,0,19,88,7.75,66,9:4:0,Grand Est,2021/01/24
midi-pyrenees_2021/01/24,10,4,27,93,8.375,86,9:37:0,Occitanie,2021/01/24
nord-pas-de-calais_2021/01/24,3,-1,19,84,8.375,44,8:56:0,Hauts-de-France,2021/01/24
normandie_2021/01/24,5,-1,24,84,9.5,67,9:4:0,Normandie,2021/01/24
pays-de-la-loire_2021/01/24,7,2,27,93,9.625,83,9:16:0,Pays de la Loire,2021/01/24
picardie_2021/01/24,3,-1,21,85,9.375,45,8:59:0,Hauts-de-France,2021/01/24
poitou-charentes_2021/01/24,9,5,36,85,9.5,81,9:22:0,Nouvelle-Aquitaine,2021/01/24
rh-ne-alpes_2021/01/24,5,1,10,80,9.375,64,9:24:0,,2021/01/24
provence-alpes-c-te-d-azur_2021/01/24,9,7,48,75,8.375,37,9:38:0,Provence-Alpes-Côte d'Azur,2021/01/24
alsace_2021/01/25,3,1,13,95,3.625,84,9:10:0,Grand Est,2021/01/25
aquitaine_2021/01/25,9,6,8,78,10,55,9:32:0,Nouvelle-Aquitaine,2021/01/25
ardeche_2021/01/25,5,0,14,87,9.5,48,9:33:0,,2021/01/25
auvergne_2021/01/25,3,-1,18,83,8.125,74,9:27:0,,2021/01/25
bourgogne_2021/01/25,2,1,19,90,6.5,82,9:17:0,Bourgogne-Franche-Comté,2021/01/25
bretagne_2021/01/25,6,1,17,86,10,38,9:13:0,Bretagne,2021/01/25
centre_2021/01/25,5,1,21,85,10,57,9:14:0,Centre-Val de Loire,2021/01/25
champagne-ardenne_2021/01/25,3,1,19,95,8.375,73,9:5:0,,2021/01/25
corse_2021/01/25,10,9,36,85,9.5,56,9:48:0,Corse,2021/01/25
franche-comte_2021/01/25,1,0,23,97,3.25,99,9:19:0,Bourgogne-Franche-Comté,2021/01/25
ile-de-re_2021/01/25,7,6,23,71,10,44,9:24:0,,2021/01/25
ile-de-france_2021/01/25,6,2,21,86,6.75,65,9:8:0,Île-de-France,2021/01/25
languedoc-roussillon_2021/01/25,9,7,24,71,10,39,9:39:0,Occitanie,2021/01/25
limousin_2021/01/25,3,-1,9,95,8.5,58,9:27:0,Nouvelle-Aquitaine,2021/01/25
lorraine_2021/01/25,1,-2,19,98,3.5,95,9:6:0,Grand Est,2021/01/25
midi-pyrenees_2021/01/25,8,6,17,85,9,58,9:39:0,Occitanie,2021/01/25
nord-pas-de-calais_2021/01/25,3,1,17,94,8.25,74,8:59:0,Hauts-de-France,2021/01/25
normandie_2021/01/25,5,2,22,80,8.875,49,9:6:0,Normandie,2021/01/25
pays-de-la-loire_2021/01/25,7,2,17,85,10,12,9:18:0,Pays de la Loire,2021/01/25
picardie_2021/01/25,4,2,22,91,8.75,71,9:1:0,Hauts-de-France,2021/01/25
poitou-charentes_2021/01/25,7,6,23,71,10,44,9:25:0,Nouvelle-Aquitaine,2021/01/25
rh-ne-alpes_2021/01/25,4,1,12,81,7.375,80,9:27:0,,2021/01/25
provence-alpes-c-te-d-azur_2021/01/25,10,7,36,67,9.625,31,9:41:0,Provence-Alpes-Côte d'Azur,2021/01/25
alsace_2021/01/26,3,-2,14,86,8,73,9:12:0,Grand Est,2021/01/26
aquitaine_2021/01/26,7,1,12,81,10,30,9:34:0,Nouvelle-Aquitaine,2021/01/26
ardeche_2021/01/26,4,-1,18,81,10,23,9:35:0,,2021/01/26
auvergne_2021/01/26,4,-3,4,91,9.5,54,9:29:0,,2021/01/26
bourgogne_2021/01/26,3,-2,8,94,9.75,58,9:21:0,Bourgogne-Franche-Comté,2021/01/26
bretagne_2021/01/26,5,-1,21,78,9.375,63,9:15:0,Bretagne,2021/01/26
centre_2021/01/26,4,-1,10,88,9.875,38,9:17:0,Centre-Val de Loire,2021/01/26
champagne-ardenne_2021/01/26,4,-1,19,93,8,65,9:8:0,,2021/01/26
corse_2021/01/26,10,1,10,59,10,7,9:50:0,Corse,2021/01/26
franche-comte_2021/01/26,2,-3,9,97,6.375,72,9:21:0,Bourgogne-Franche-Comté,2021/01/26
ile-de-re_2021/01/26,6,2,19,79,9.375,42,9:27:0,,2021/01/26
ile-de-france_2021/01/26,5,1,13,84,10,35,9:11:0,Île-de-France,2021/01/26
languedoc-roussillon_2021/01/26,9,4,19,58,10,34,9:41:0,Occitanie,2021/01/26
limousin_2021/01/26,5,-2,4,95,6.875,29,9:29:0,Nouvelle-Aquitaine,2021/01/26
lorraine_2021/01/26,2,-2,21,94,10,83,9:9:0,Grand Est,2021/01/26
midi-pyrenees_2021/01/26,7,1,6,84,10,18,9:42:0,Occitanie,2021/01/26
nord-pas-de-calais_2021/01/26,3,0,18,92,9.75,55,9:2:0,Hauts-de-France,2021/01/26
normandie_2021/01/26,5,-1,17,81,8.75,51,9:9:0,Normandie,2021/01/26
pays-de-la-loire_2021/01/26,6,0,18,82,9,45,9:21:0,Pays de la Loire,2021/01/26
picardie_2021/01/26,4,0,19,89,7.75,65,9:4:0,Hauts-de-France,2021/01/26
poitou-charentes_2021/01/26,6,2,19,79,9.375,42,9:27:0,Nouvelle-Aquitaine,2021/01/26
rh-ne-alpes_2021/01/26,4,-1,9,86,8.75,49,9:29:0,,2021/01/26
provence-alpes-c-te-d-azur_2021/01/26,7,4,33,69,10,13,9:43:0,Provence-Alpes-Côte d'Azur,2021/01/26
alsace_2021/01/27,2,0,17,87,8.125,88,9:16:0,Grand Est,2021/01/27
aquitaine_2021/01/27,14,10,14,98,6.875,96,9:37:0,Nouvelle-Aquitaine,2021/01/27
ardeche_2021/01/27,7,-1,9,65,10,52,9:38:0,,2021/01/27
auvergne_2021/01/27,8,0,7,86,9.875,81,9:32:0,,2021/01/27
bourgogne_2021/01/27,3,-1,15,88,9,86,9:24:0,Bourgogne-Franche-Comté,2021/01/27
bretagne_2021/01/27,11,7,17,98,4.625,100,9:18:0,Bretagne,2021/01/27
centre_2021/01/27,8,3,15,94,6.875,93,9:19:0,Centre-Val de Loire,2021/01/27
champagne-ardenne_2021/01/27,4,2,16,97,9,99,9:12:0,,2021/01/27
corse_2021/01/27,9,4,10,63,10,8,9:51:0,Corse,2021/01/27
franche-comte_2021/01/27,2,-2,9,89,9.25,87,9:24:0,Bourgogne-Franche-Comté,2021/01/27
ile-de-re_2021/01/27,11,10,19,98,7.5,100,9:29:0,,2021/01/27
ile-de-france_2021/01/27,7,3,15,94,6.375,99,9:14:0,Île-de-France,2021/01/27
languedoc-roussillon_2021/01/27,12,5,17,61,10,44,9:43:0,Occitanie,2021/01/27
limousin_2021/01/27,9,2,8,96,7.625,98,9:32:0,Nouvelle-Aquitaine,2021/01/27
lorraine_2021/01/27,1,0,18,95,8.625,99,9:12:0,Grand Est,2021/01/27
midi-pyrenees_2021/01/27,12,6,17,95,6.25,85,9:44:0,Occitanie,2021/01/27
nord-pas-de-calais_2021/01/27,7,2,23,98,5.25,99,9:4:0,Hauts-de-France,2021/01/27
normandie_2021/01/27,11,7,17,96,7.75,98,9:11:0,Normandie,2021/01/27
pays-de-la-loire_2021/01/27,12,9,17,99,4.875,100,9:24:0,Pays de la Loire,2021/01/27
picardie_2021/01/27,8,2,15,98,5,100,9:7:0,Hauts-de-France,2021/01/27
poitou-charentes_2021/01/27,11,10,19,98,7.5,100,9:29:0,Nouvelle-Aquitaine,2021/01/27
rh-ne-alpes_2021/01/27,4,0,6,75,10,76,9:32:0,,2021/01/27
provence-alpes-c-te-d-azur_2021/01/27,11,5,27,48,10,16,9:45:0,Provence-Alpes-Côte d'Azur,2021/01/27
alsace_2021/01/28,9,3,20,99,5.875,97,9:18:0,Grand Est,2021/01/28
aquitaine_2021/01/28,16,12,15,95,8.625,96,9:39:0,Nouvelle-Aquitaine,2021/01/28
ardeche_2021/01/28,11,6,5,94,9.75,80,9:40:0,,2021/01/28
auvergne_2021/01/28,11,8,14,93,7.375,87,9:34:0,,2021/01/28
bourgogne_2021/01/28,10,6,24,98,6.625,100,9:26:0,Bourgogne-Franche-Comté,2021/01/28
bretagne_2021/01/28,13,12,23,93,8,96,9:21:0,Bretagne,2021/01/28
centre_2021/01/28,13,11,24,94,9.125,100,9:23:0,Centre-Val de Loire,2021/01/28
champagne-ardenne_2021/01/28,13,9,33,97,7.125,92,9:14:0,,2021/01/28
corse_2021/01/28,12,6,9,85,10,41,9:53:0,Corse,2021/01/28
franche-comte_2021/01/28,9,6,28,97,7.25,100,9:26:0,Bourgogne-Franche-Comté,2021/01/28
ile-de-re_2021/01/28,12,11,33,95,8.75,100,9:32:0,,2021/01/28
ile-de-france_2021/01/28,13,10,22,92,8.625,90,9:16:0,Île-de-France,2021/01/28
languedoc-roussillon_2021/01/28,16,12,22,82,10,38,9:46:0,Occitanie,2021/01/28
limousin_2021/01/28,11,10,13,97,4.5,100,9:34:0,Nouvelle-Aquitaine,2021/01/28
lorraine_2021/01/28,10,4,31,100,5.875,97,9:15:0,Grand Est,2021/01/28
midi-pyrenees_2021/01/28,15,12,13,96,8.5,68,9:45:0,Occitanie,2021/01/28
nord-pas-de-calais_2021/01/28,11,9,36,96,7,99,9:8:0,Hauts-de-France,2021/01/28
normandie_2021/01/28,13,11,32,92,8.625,98,9:15:0,Normandie,2021/01/28
pays-de-la-loire_2021/01/28,13,12,31,95,8.5,100,9:26:0,Pays de la Loire,2021/01/28
picardie_2021/01/28,12,10,36,95,7,97,9:10:0,Hauts-de-France,2021/01/28
poitou-charentes_2021/01/28,12,11,33,95,8.75,100,9:32:0,Nouvelle-Aquitaine,2021/01/28
rh-ne-alpes_2021/01/28,10,5,11,97,8,99,9:34:0,,2021/01/28
provence-alpes-c-te-d-azur_2021/01/28,14,11,26,77,10,25,9:47:0,Provence-Alpes-Côte d'Azur,2021/01/28
alsace_2021/01/29,10,8,18,95,7.375,96,9:21:0,Grand Est,2021/01/29
aquitaine_2021/01/29,13,12,21,90,8.75,71,9:41:0,Nouvelle-Aquitaine,2021/01/29
ardeche_2021/01/29,13,8,17,96,7,61,9:42:0,,2021/01/29
auvergne_2021/01/29,11,9,20,86,9.125,75,9:37:0,,2021/01/29
bourgogne_2021/01/29,10,7,28,93,9,87,9:29:0,Bourgogne-Franche-Comté,2021/01/29
bretagne_2021/01/29,12,8,28,93,8.75,73,9:24:0,Bretagne,2021/01/29
centre_2021/01/29,11,9,32,89,9.25,79,9:25:0,Centre-Val de Loire,2021/01/29
champagne-ardenne_2021/01/29,10,9,33,90,9.125,95,9:17:0,,2021/01/29
corse_2021/01/29,14,12,14,96,6.875,70,9:56:0,Corse,2021/01/29
franche-comte_2021/01/29,10,9,26,95,8,95,9:29:0,Bourgogne-Franche-Comté,2021/01/29
ile-de-re_2021/01/29,12,11,32,91,8.875,72,9:35:0,,2021/01/29
ile-de-france_2021/01/29,11,10,35,82,9.25,94,9:20:0,Île-de-France,2021/01/29
languedoc-roussillon_2021/01/29,15,12,28,84,10,38,9:48:0,Occitanie,2021/01/29
limousin_2021/01/29,11,9,17,94,7.25,94,9:37:0,Nouvelle-Aquitaine,2021/01/29
lorraine_2021/01/29,9,8,32,93,8.5,96,9:18:0,Grand Est,2021/01/29
midi-pyrenees_2021/01/29,14,12,26,86,10,51,9:48:0,Occitanie,2021/01/29
nord-pas-de-calais_2021/01/29,10,8,35,86,9.125,81,9:11:0,Hauts-de-France,2021/01/29
normandie_2021/01/29,10,9,41,88,9.5,79,9:18:0,Normandie,2021/01/29
pays-de-la-loire_2021/01/29,12,10,31,94,9.375,86,9:29:0,Pays de la Loire,2021/01/29
picardie_2021/01/29,11,9,41,89,8.5,96,9:13:0,Hauts-de-France,2021/01/29
poitou-charentes_2021/01/29,12,11,32,91,8.875,72,9:34:0,Nouvelle-Aquitaine,2021/01/29
rh-ne-alpes_2021/01/29,13,10,16,90,8.75,82,9:37:0,,2021/01/29
provence-alpes-c-te-d-azur_2021/01/29,15,12,32,89,10,19,9:50:0,Provence-Alpes-Côte d'Azur,2021/01/29
alsace_2021/01/30,7,6,15,91,8.75,100,9:24:0,Grand Est,2021/01/30
aquitaine_2021/01/30,12,11,28,83,8.375,96,9:44:0,Nouvelle-Aquitaine,2021/01/30
ardeche_2021/01/30,9,6,6,85,8.75,76,9:45:0,,2021/01/30
auvergne_2021/01/30,10,6,15,93,9.125,81,9:40:0,,2021/01/30
bourgogne_2021/01/30,9,6,22,95,9.5,86,9:31:0,Bourgogne-Franche-Comté,2021/01/30
bretagne_2021/01/30,11,10,29,91,9.375,99,9:26:0,Bretagne,2021/01/30
centre_2021/01/30,11,10,23,95,9.125,79,9:28:0,Centre-Val de Loire,2021/01/30
champagne-ardenne_2021/01/30,10,7,20,97,7.75,100,9:20:0,,2021/01/30
corse_2021/01/30,14,9,12,91,10,59,9:58:0,Corse,2021/01/30
franche-comte_2021/01/30,7,6,18,96,8.75,94,9:31:0,Bourgogne-Franche-Comté,2021/01/30
ile-de-re_2021/01/30,11,7,37,90,7.625,90,9:37:0,,2021/01/30
ile-de-france_2021/01/30,12,9,18,94,8.375,89,9:22:0,Île-de-France,2021/01/30
languedoc-roussillon_2021/01/30,12,10,26,81,9.5,64,9:50:0,Occitanie,2021/01/30
limousin_2021/01/30,9,8,16,95,7,98,9:39:0,Nouvelle-Aquitaine,2021/01/30
lorraine_2021/01/30,9,6,18,96,7.5,98,9:20:0,Grand Est,2021/01/30
midi-pyrenees_2021/01/30,11,9,31,88,8.75,76,9:50:0,Occitanie,2021/01/30
nord-pas-de-calais_2021/01/30,7,2,25,95,6,100,9:13:0,Hauts-de-France,2021/01/30
normandie_2021/01/30,10,7,24,90,9.125,84,9:20:0,Normandie,2021/01/30
pays-de-la-loire_2021/01/30,12,10,33,89,8.25,92,9:31:0,Pays de la Loire,2021/01/30
picardie_2021/01/30,7,5,17,96,7.5,100,9:17:0,Hauts-de-France,2021/01/30
poitou-charentes_2021/01/30,11,7,37,90,7.625,90,9:38:0,Nouvelle-Aquitaine,2021/01/30
rh-ne-alpes_2021/01/30,9,7,11,89,9,90,9:39:0,,2021/01/30
provence-alpes-c-te-d-azur_2021/01/30,13,11,26,78,9,43,9:52:0,Provence-Alpes-Côte d'Azur,2021/01/30
alsace_2021/01/31,3,2,12,90,8.5,98,9:26:0,Grand Est,2021/01/31
aquitaine_2021/01/31,12,11,21,90,9.875,99,9:46:0,Nouvelle-Aquitaine,2021/01/31
ardeche_2021/01/31,10,4,12,91,10,51,9:47:0,,2021/01/31
auvergne_2021/01/31,9,6,5,92,8.125,89,9:42:0,,2021/01/31
bourgogne_2021/01/31,7,4,3,94,8.375,89,9:34:0,Bourgogne-Franche-Comté,2021/01/31
bretagne_2021/01/31,9,7,17,95,8.75,100,9:29:0,Bretagne,2021/01/31
centre_2021/01/31,9,7,8,96,6.75,100,9:30:0,Centre-Val de Loire,2021/01/31
champagne-ardenne_2021/01/31,6,3,14,91,8,100,9:23:0,,2021/01/31
corse_2021/01/31,11,10,42,87,7.625,87,10:0:0,Corse,2021/01/31
franche-comte_2021/01/31,8,4,5,98,5.75,90,9:34:0,Bourgogne-Franche-Comté,2021/01/31
ile-de-re_2021/01/31,10,9,23,94,8.25,78,9:40:0,,2021/01/31
ile-de-france_2021/01/31,9,5,14,85,6.875,100,9:25:0,Île-de-France,2021/01/31
languedoc-roussillon_2021/01/31,14,10,25,77,10,40,9:53:0,Occitanie,2021/01/31
limousin_2021/01/31,9,7,10,98,6.875,100,9:42:0,Nouvelle-Aquitaine,2021/01/31
lorraine_2021/01/31,5,1,16,91,8.375,100,9:24:0,Grand Est,2021/01/31
midi-pyrenees_2021/01/31,11,9,32,89,7.5,93,9:53:0,Occitanie,2021/01/31
nord-pas-de-calais_2021/01/31,2,-1,22,85,10,86,9:17:0,Hauts-de-France,2021/01/31
normandie_2021/01/31,8,4,17,92,9.25,100,9:23:0,Normandie,2021/01/31
pays-de-la-loire_2021/01/31,10,9,14,96,6.625,92,9:34:0,Pays de la Loire,2021/01/31
picardie_2021/01/31,4,1,20,89,9.25,100,9:19:0,Hauts-de-France,2021/01/31
poitou-charentes_2021/01/31,10,9,23,94,8.25,78,9:40:0,Nouvelle-Aquitaine,2021/01/31
rh-ne-alpes_2021/01/31,11,5,6,88,8.25,72,9:43:0,,2021/01/31
provence-alpes-c-te-d-azur_2021/01/31,13,10,42,73,9.625,22,9:54:0,Provence-Alpes-Côte d'Azur,2021/01/31
